phone,name,email
1-461-295-2127,Jamalia Olsen,dui.quis@outlook.edu
1-374-903-6956,Baker Dotson,risus.varius@aol.ca
(895) 333-6052,Elizabeth Brewer,tincidunt@google.net
1-543-793-6471,MacKensie Dotson,tellus.non.magna@google.couk
1-431-125-9473,Tanek Harmon,lobortis.class@outlook.net
(314) 824-2859,Trevor Rutledge,integer.in@icloud.com
(247) 411-6594,Noah Osborn,eleifend.non@hotmail.ca
(259) 995-9463,Maris Clark,eu.dui@yahoo.org
(675) 794-8245,Zeph Wagner,molestie.pharetra@google.com
1-510-787-2471,Ivan Dunn,natoque@aol.couk
1-573-340-6078,Charlotte Burks,neque.non@icloud.couk
1-483-768-5010,Vincent Vaughn,ligula.elit@yahoo.ca
1-719-353-8257,Wylie Brooks,lorem@icloud.edu
(975) 851-7724,Jerome Flowers,facilisis.suspendisse@protonmail.net
(686) 843-9428,Uma Lawson,lorem@hotmail.couk
1-685-451-0078,Lance Browning,eu@hotmail.net
(877) 267-8108,Jordan Cantu,dolor.elit@yahoo.edu
1-518-831-7987,Sydnee Freeman,diam.dictum@icloud.net
1-311-266-3322,Amanda Neal,nisl@protonmail.ca
1-153-817-3332,Allen Knox,egestas.a.dui@outlook.couk
1-575-528-9782,Clio Downs,lorem.eget@outlook.org
1-187-643-2283,Ayanna Buchanan,nec.orci.donec@google.edu
1-772-674-1922,Aurora Oneil,dis@yahoo.edu
(653) 481-5114,Linda Solomon,velit.quisque.varius@yahoo.com
1-274-903-6934,Elijah Burris,lorem.donec@hotmail.org
(672) 635-5279,Shafira Nunez,vivamus.sit@aol.org
1-562-411-2269,Debra Vazquez,primis@protonmail.net
1-832-842-8363,Janna Pace,aliquam.arcu@icloud.net
(468) 326-5587,Desiree Grimes,elit.dictum@outlook.org
(692) 190-0412,Ivor Velasquez,lacinia.orci@hotmail.net
(725) 287-5821,Guinevere Richard,quisque@aol.org
1-425-127-2142,Zephr Sargent,nunc.ac@protonmail.ca
1-953-274-6439,Ginger Henson,lorem.fringilla@outlook.ca
1-628-622-7479,Scott Page,urna.suscipit@icloud.net
1-361-451-2757,Oliver Taylor,volutpat.nunc.sit@aol.edu
1-485-465-6228,Petra Russo,bibendum.sed@hotmail.edu
(853) 333-1243,Hiram Mckenzie,aliquam.arcu@aol.ca
1-952-774-0034,Buffy Collins,quisque.tincidunt@yahoo.ca
(530) 791-7992,Burton Nash,tellus@outlook.edu
(777) 457-6877,Allegra Carrillo,id.magna@icloud.com
1-230-596-1632,Flynn Petersen,nisl.arcu@outlook.net
1-325-651-4358,Octavius Pace,nunc.ac@aol.couk
(380) 367-6978,Rhona Campos,in.consectetuer.ipsum@aol.com
(356) 783-6482,Merritt Roy,augue@google.couk
1-881-472-9562,Veda Mcclure,ut.sem@protonmail.org
(586) 425-1039,Joshua Schultz,maecenas.iaculis@icloud.edu
1-218-409-2181,Jesse Byrd,eget.mollis@google.org
(292) 591-5141,Chanda Mercado,elementum@protonmail.org
(362) 104-4567,Pearl Gay,proin.mi@outlook.edu
1-143-978-8451,Gareth Serrano,semper.egestas@google.com
1-409-224-6672,May Ryan,adipiscing.lobortis@hotmail.couk
(612) 356-2714,Stuart Martin,ligula@aol.couk
(765) 274-8657,Gabriel Mclaughlin,iaculis@protonmail.ca
1-272-514-7561,Bertha Ramirez,malesuada.malesuada@protonmail.com
(728) 797-8643,Kitra Clemons,arcu.ac@icloud.org
(159) 782-5463,Cally Mann,nullam@icloud.edu
1-143-273-1382,Prescott Mathis,gravida.nunc.sed@outlook.ca
(567) 765-1575,Aidan Richard,adipiscing@aol.ca
1-714-917-4913,Moana West,tristique.aliquet@hotmail.ca
1-501-695-4832,Talon Tran,molestie@outlook.couk
1-577-840-1496,Ignatius Crawford,eget.magna@yahoo.net
1-743-761-6021,Belle Suarez,iaculis@yahoo.couk
1-768-277-6884,Ocean Clements,vivamus.non.lorem@hotmail.com
1-314-688-7701,Natalie Mcneil,dolor.fusce@google.org
1-371-328-1489,Edward Maldonado,in.sodales@icloud.edu
1-345-443-2425,Shad Salazar,malesuada.fames@google.org
1-528-751-0754,Richard Ford,mauris.aliquam@aol.couk
1-996-231-2084,Samson Rose,faucibus.id@outlook.com
1-832-636-8887,Francis Rosales,fusce.mi.lorem@icloud.edu
(248) 830-1635,Xena Parrish,suspendisse.non@yahoo.ca
(243) 474-7127,Nell Jennings,id.erat@yahoo.net
(811) 993-5227,Hiram Morris,elit.fermentum.risus@protonmail.edu
(268) 554-6164,Erasmus Santos,nunc.quisque@icloud.org
1-568-126-2636,Ainsley Faulkner,montes.nascetur@yahoo.ca
1-357-528-9636,Ivana Dunlap,ultrices.mauris.ipsum@yahoo.couk
1-351-318-2650,Lev Nelson,aliquet@hotmail.ca
(894) 770-4106,Aline Mercado,eu.turpis@aol.ca
1-591-926-6881,Adena Bauer,eu.neque@icloud.edu
1-741-818-6725,Chancellor Underwood,nonummy.ultricies.ornare@hotmail.edu
1-777-831-5272,Bernard Barry,eget@google.ca
(721) 727-4813,Dahlia Rhodes,lorem.sit.amet@icloud.net
(964) 992-1467,Angelica Mcclain,molestie.in.tempus@protonmail.org
(638) 875-3355,Teegan Rice,nullam.suscipit@hotmail.ca
1-333-157-2289,Daphne Noble,velit@outlook.net
1-223-462-7834,Sylvester Justice,fusce@outlook.couk
1-156-256-5276,Derek Molina,odio.aliquam.vulputate@hotmail.net
1-481-784-6124,Kylynn Stokes,praesent.eu@outlook.com
(561) 666-8606,Jamal Lindsey,hendrerit.id@aol.edu
1-314-415-4680,Ulla Daniel,nunc.quisque.ornare@hotmail.com
1-832-631-5146,Curran Moran,nulla.at.sem@google.org
(970) 437-2036,Channing Joseph,magnis.dis@icloud.ca
(237) 473-6830,Mariko Hampton,est.nunc.ullamcorper@google.net
1-257-436-1661,Lois Cantu,nam@outlook.couk
1-426-532-3911,Sasha Cleveland,mollis.vitae.posuere@outlook.couk
(216) 422-5835,Nathan Hayes,nec.enim@hotmail.couk
1-411-558-4484,Wing Cantrell,convallis.ante@google.net
1-557-637-4151,Madaline Greer,est.arcu@google.ca
1-415-751-3644,Jonah Church,eros.proin.ultrices@outlook.net
1-177-924-1541,Shay Hampton,suspendisse.commodo.tincidunt@aol.org
1-832-127-8957,Jaime Edwards,lorem.ipsum.sodales@yahoo.couk
